INSERT INTO users VALUES
    (1, 'riley', 1549950952),
    (2, 'vivian', 1549950952),
    (3, 'jordan', 1551110070);

INSERT INTO template (template_id, template_name, creator_uid, creation_time, description) VALUES
    (1, 'US National Parks', 1, 1549953333, 'Parks that you have set foot in.'),
    (2, 'United States', 1, 1549953333, 'States that you have stayed at least one full night in.');

INSERT INTO template_item (template_item_id, template_id, item_label, creation_time) VALUES
    (1, 1, 'Yosemite', 1549953333),
    (2, 1, 'Sequoia & Kings Canyon', 1549953333),
    (3, 1, 'Death Valley', 1549953333),
    (4, 1, 'Joshua Tree', 1549953333),
    (5, 1, 'Lassen Volcanic', 1549953333),
    (6, 1, 'Redwood', 1549953333),
    (7, 1, 'Pinnacles', 1549953333),
    (8, 1, 'Channel Islands', 1549953333),
    (9, 1, 'Crater Lake', 1549953333),
    (10, 1, 'Olympic', 1549953333),
    (11, 1, 'Glacier', 1549953333),
    (12, 1, 'Yellowstone', 1549953333),
    (13, 1, 'Acadia', 1549953333),
    (14, 1, 'Shenandoah', 1549953333),
    (15, 1, 'Great Smokey Mountains', 1549953333),
    (16, 1, 'Dry Tortugas', 1549953333),
    (17, 1, 'Big Bend', 1549953333),
    (18, 1, 'Rocky Mountain', 1549953333),
    (19, 1, 'Great Sand Dunes', 1549953333),
    (20, 1, 'Kenai Fjord', 1549953333),
    (21, 1, 'Katmai', 1549953333),
    (22, 1, 'Everglades', 1549953333);

INSERT INTO template_item (template_item_id, template_id, item_label, creation_time) VALUES
    (101, 2, 'Alabama', 1549953333),
    (102, 2, 'Alaska', 1549953333),
    (103, 2, 'Arizona', 1549953333),
    (104, 2, 'Arkansas', 1549953333),
    (105, 2, 'California', 1549953333),
    (106, 2, 'Colorado', 1549953333),
    (107, 2, 'Connecticutt', 1549953333),
    (108, 2, 'Delaware', 1549953333),
    (109, 2, 'Florida', 1549953333),
    (110, 2, 'Georgia', 1549953333),
    (111, 2, 'Hawaii', 1549953333),
    (112, 2, 'Idaho', 1549953333),
    (113, 2, 'Illinois', 1549953333),
    (114, 2, 'Indiana', 1549953333),
    (115, 2, 'Iowa', 1549953333),
    (116, 2, 'Kansas', 1549953333),
    (117, 2, 'Kentucky', 1549953333),
    (118, 2, 'Louisiana', 1549953333),
    (119, 2, 'Maine', 1549953333),
    (120, 2, 'Maryland', 1549953333),
    (121, 2, 'Massachusetts', 1549953333),
    (122, 2, 'Michigan', 1549953333),
    (123, 2, 'Minnesota', 1549953333),
    (124, 2, 'Mississippi', 1549953333),
    (125, 2, 'Missouri', 1549953333),
    (126, 2, 'Montana', 1549953333),
    (127, 2, 'Nebraska', 1549953333),
    (128, 2, 'Nevada', 1549953333),
    (129, 2, 'New Hampshire', 1549953333),
    (130, 2, 'New Jersey', 1549953333),
    (131, 2, 'New Mexico', 1549953333),
    (132, 2, 'New York', 1549953333),
    (133, 2, 'North Carolina', 1549953333),
    (134, 2, 'North Dakota', 1549953333),
    (135, 2, 'Ohio', 1549953333),
    (136, 2, 'Oklahoma', 1549953333),
    (137, 2, 'Oregon', 1549953333),
    (138, 2, 'Pennsylvania', 1549953333),
    (139, 2, 'Rhode Island', 1549953333),
    (140, 2, 'South Carolina', 1549953333),
    (141, 2, 'South Dakota', 1549953333),
    (142, 2, 'Tennessee', 1549953333),
    (143, 2, 'Texas', 1549953333),
    (144, 2, 'Utah', 1549953333),
    (145, 2, 'Vermont', 1549953333),
    (146, 2, 'Virginia', 1549953333),
    (147, 2, 'Washington', 1549953333),
    (148, 2, 'West Virginia', 1549953333),
    (149, 2, 'Wisconsin', 1549953333),
    (150, 2, 'Wyoming', 1549953333);

INSERT INTO list (template_id, uid, creation_time) VALUES
    (1, 1, 1549953456),
    (1, 2, 1549953466),
    (2, 1, 1549954556),
    (2, 2, 1549954666);
